"Species","ModelName","correlationmean","correlationse"
"CCLO","CCLO_tc5_lr0.05_bf0.75.RData",0.788222802728266,0.00423110202137109
"SPPI","SPPI_tc5_lr0.05_bf0.75.RData",0.751659982109889,0.00366337760257415
"LARB","LARB_tc5_lr0.05_bf0.75.RData",0.61030343584338,0.0248058975215499
